word,female_count,male_count,PersonX_count,f_m_ratio,sentiment
suspect,4,0,1,5.0,-0.296
careful,5,0,2,6.0,0.153
loved,9,2,1,3.333,0.599
save,12,2,32,4.333,0.494
lack,6,0,0,7.0,-0.318
enjoyed,5,0,0,6.0,0.511
admires,7,0,0,8.0,0.361
murderer,19,2,0,6.667,-0.681
honored,13,0,0,14.0,0.586
legal,6,0,0,7.0,0.128
dishonest,8,0,0,9.0,-0.572
free,17,4,49,3.6,0.511
refused,6,0,0,7.0,-0.296
demanded,9,0,0,10.0,-0.226
welcome,34,8,2,3.889,0.459
suspects,8,0,0,9.0,-0.34
suspected,19,0,0,20.0,-0.226
